title1,description1
title2,description2
title3,description3
title4,description4
title5,description5
title6,description6
title7,description7
title8,description8
title9,description9
title10,description10
title11,description11
title12,description12
title13,description13
title14,description14
title15,description15
title16,description16
title17,description17
title18,description18
title19,description19
title20,description20
title21,description21
title22,description22
title23,description23
title24,description24
title25,description25